FILE,TREATMENT,AMRO,AMWO,BDOW,BHCO,BLJA,BOBO,CACH,CAGO,CARW,CEDW,CONI,COYE,EAME,EAPH,EASO,EAWP,ETTI,FISP,GHOW,GRCA,GRSP,HESP,HOLA,HOWR,INBU,KILL,MODO,NOCA,RBWO,RCKI,RWBL,SAVS,SACR,SOSP,TRSW,WAVI,WBNU,WEVI,WOTH,WOODPECKER
509-0,9219_PRE,,,,,,,,,,,,,,,,,,,,,,,,,,,,,,,,,,,,,,,,
509-1,9219_PRE,,,,,,,,,,,,,,,,,,,,,,,,,,,,,,,,,,,,,,,,
509-2,9219_PRE,,,,,,,,,,,,,,,,,,,,,,,,,,,,,,,,,,,,,,,,
509-3,9219_PRE,,,,,,,,,,,,,,,,,,,,,,,,,,,,,,,,,,,,,,,,
509-4,9219_PRE,,,,,,,,,,,,,,,,,,,,,,,,,,,,,,,,,,,,,,,,
509-5,9219_PRE,,,,,,,,,,,,,,,,,,,,,,,,,,,,1,,,1,,,,,,,,,
510-0,9219_PRE,,,,,,,,,,,,,,,1,,,,,,,,,,,,,,,,,,,,,,,,,
510-1,9219_PRE,,,,,,,,,,,,,,,1,,,,,,,,,,,,,,,,,,,,,,,,,
510-2,9219_PRE,,,1,,,,,1,,,,,,,,,,,,,,,,,,,,,,,,,,,,,,,,
510-3,9219_PRE,,,,,,,,,,,,,,,,,,,,,,,,,,,,,,,,,,,,,,,,
510-4,9219_PRE,,,,,,,,1,,,,,,,,,,,,,,,,,,,,1,,,,,,,,,,,,
510-5,9219_PRE,1,,,,,,,,,,,,,,,,,,,,,,,,,,,1,,,1,,,,,,,,,
511-0,9219_PRE,,,,,,,,,,,,,,,,,,,,,,,,,,,,,,,,,,,,,,,,
511-1,9219_PRE,,,,,,,,,,,,,,,,,,,,,,,,,,,,,,,,,,,,,,,,
511-2,9219_PRE,,,,,,,,,,,,,,,,,,,,,,,,,,,,,,,,,,,,,,,,
511-3,9219_PRE,,,,,,,,,,,,,,,,,,,,,,,,,,,,,,,,,,,,,,,,
511-4,9219_PRE,,,,,,,,,,,,,,,,,,,,,,,,,,,,,,,,,,,,,,,,
511-5,9219_PRE,1,,,,,,,,,,,,,,,,,,,,,,,,,,,,,,,,,,,,,,,
512-0,9219_PRE,,,,,,,,,,,,,,,,,,,,,,,,,,,,,,,,,,,,,,,,
512-1,9219_PRE,,,,,,,,,,,,,,,,,,,,,,,,,,,,,,,,,,,,,,,,
512-2,9219_PRE,,,,,,,,,,,,,,,,,,,,,,,,,,,,,,,,,,,,,,,,
512-3,9219_PRE,,,,,,,,,,,,,,,,,,,,,,,,,,,,,,,,,,,,,,,,
512-4,9219_PRE,,,,,,,,,,,,,,,,,,,,,,,,,,,,,,,,,,,,,,,,
512-5,9219_PRE,,,,,,,,,,,,,,,,,,,,,,,,,,,,,,,,,,,,,,,,
513-0,9219_PRE,,,,,,,,,,,,,,,,,,,,,,,,,,,,,,,,,,,,,,,,
513-1,9219_PRE,,,,,,,,,,,,,,,,,,,,,,,,,,,,,,,,,,,,,,,,
513-2,9219_PRE,,,,,,,,,,,,,,,,,,,,,,,,,,,,,,,,,,,,,,,,
513-3,9219_PRE,,,,,,,,,,,,,,,,,,,,,,,,,,,,,,,,,,,,,,,,
513-4,9219_PRE,,,,,,,,,,,,,,,,,,,,,,,,,,,,,,,,,,,,,,,,
513-5,9219_PRE,,,,,,,,,,,,,,,,,,,,,,,,,,,,,,,,,,,,,,,,
514-0,9219_PRE,,,,,,,,,,,,,,,,,,,,,,,,,,,,,,,,,,,,,,,,
514-1,9219_PRE,,,,,,,,,,,,,,,,,,,,,,,,,,,,,,,,,,,,,,,,
514-2,9219_PRE,,,,,,,,,,,,,,,,,,,,,,,,,,,,,,,,,,,,,,,,
514-3,9219_PRE,,,,,,,,,,,,,,,,,,,,,,,,,,,,,,,,,,,,,,,,
514-4,9219_PRE,,,,,,,,,,,,,,,,,,,,,,,,,,,,,,,,,,,,,,,,
514-5,9219_PRE,,,,,,,,,,,,,,,,,,,,,,,,,,,,1,,,,,,,,,,,,
515-0,9219_PRE,,,,,,,,,,,,,,,,,,,,,,,,,,,,,,,,,,,,,,,,
515-1,9219_PRE,,,,,,,,,,,,,,,,,,,,,,,,,,,,,,,,,,,,,,,,
515-2,9219_PRE,,,,,,,,,,,,,,,,,,,,,,,,,,,,,,,,,,,,,,,,
515-3,9219_PRE,,,,,,,,,,,,,,,,,,,,,,,,,,,,,,,,,,,,,,,,
515-4,9219_PRE,,,,,,,,,,,,,,,,,,,,,,,,,,,,,,,,,,,,,,,,
515-5,9219_PRE,1,,,,,,,,,,,,,,,,,,,,,,,,,,,1,1,,,,,,,,,,,
516-0,9219_EVENT,,,,,,,,,,,,,,,,,,,,,,,,,,,,,,,,,,,,,,,,
516-1,9219_EVENT,,,,,,,,,,,,,,,,,,,,,,,,,,,,,,,,,,,,,,,,
516-2,9219_EVENT,,,,,,,,,,,,,,,,,,,,,,,,,,,,,,,,,,,,,,,,
516-3,9219_EVENT,,,,,,,,,,,,,,,,,,,,,,,,,,,,,,,,,,,,,,,,
516-4,9219_EVENT,,,,,,,,,,,,,,,,,,,1,,,,,,,,,,,,,,,,,,,,,
516-5,9219_EVENT,1,,,,,,,,,,,,,,,,,,,,,,,,,,,1,,,,,,,1,,,,,
517-0,9219_EVENT,,,,,,,,,,,,,,,,,,,,,,,,,,,,,,,,,,,,,,,,
517-1,9219_EVENT,,,,,,,,,,,,,,,,,,,,,,,,,,,,,,,,,,,,,,,,
517-2,9219_EVENT,,,,,,,,,,,,,,,,,,,,,,,,,,,,,,,,,,,,,,,,
517-3,9219_EVENT,,,,,,,,,,,,,,,,,,,,,,,,,,1,,,,,,,,,,,,,,
517-4,9219_EVENT,,,,,,,,,,,,,,,,,,,,,,,,,,,,,,,,,1,,,,,,,
517-5,9219_EVENT,,,,,,,,,,,,,,,,,,,,,,,,,,,,,,,,,,,1,,,,,
518-0,9219_POST,,,,,,,,,,,,,,,,,,,,,,,,,,,,,,,,,,,,,,,,
518-1,9219_POST,,,,,,,,,,,,,,,,,,,,,,,,,,,,,,,,,,,,,,,,
518-2,9219_POST,,,,,,,,,,,,,,,,,,,,,,,,,,,,,,,,,,,,,,,,
518-3,9219_POST,,,,,,,,,,,,,,,,,,,,,,,,,,,,,,,,,,,,,,,,
518-4,9219_POST,,,,,,,,,,,,,,,,,,,,,,,,,,,,,,,,,,,,,,,,
518-5,9219_POST,,,,,,,,,,,,,,,,,,,,,,,,,,,,,,,,,,1,1,,,,,
519-0,9219_POST,,,,,,,,,,,,,,,,,,,,,,,,,,,,,,,,,,,,,,,,
519-1,9219_POST,,,,,,,,,,,,,,,,,,,,,,,,,,,,,,,,,,,,,,,,
519-2,9219_POST,,,,,,,,,,,,,,,,,,,,,,,,,,,,,,,,,,,,,,,,
519-3,9219_POST,,,,,,,,,,,,,,,,,,,,,,,,,,,,,,,,,,,,,,,,
519-4,9219_POST,,,,,,,,,,,,,,,,,,,,,,,,,,,,,,,,,,,,,,,,
519-5,9219_POST,,,,,,,,,,,,,,,,,,,,,,,,,,,,,,,,,,,,,,,,
520-0,9219_POST,,,,,,,,,,,,,,,,,,,,,,,,,,,,,,,,,,,,,,,,
520-1,9219_POST,,,,,,,,,,,,,,,,,,,,,,,,,,,,,,,,,,,,,,,,
520-2,9219_POST,,,,,,,,,,,,,,,,,,,,,,,,,,,,,,,,,,,,,,,,
520-3,9219_POST,,,,,,,,,,,,,,,,,,,,,,,,,,,,,,,,,,,,,,,,
520-4,9219_POST,,,,,,,,,,,,,,,,,,,,,,,,,,,,,,,,,,,,,,,,
520-5,9219_POST,,,,,,,,,,,,,,,,,,,,,,,,,,,,,,,,,,,,,,,,
521-0,9219_POST,,,,,,,,,,,,,,,,,,,,,,,,,,,,,,,,,,,,,,,,
521-1,9219_POST,,,,,,,,,,,,,,,,,,,,,,,,,,,,,,,,,,,,,,,,
521-2,9219_POST,,,,,,,,,,,,,,,,,,,,,,,,,,,,,,,,,,,,,,,,
521-3,9219_POST,,,,,,,,,,,,,,,,,,,,,,,,,,,,,,,,,,,,,,,,
521-4,9219_POST,,,,,,,,,,,,,,,,,,,,,,,,,,,,,,,,,,,,,,,,
521-5,9219_POST,,,,,,,,,,,,,,,,,,,,,,,,,,,,,,,,,,,,,,,,
522-0,9219_POST,,,,,,,,,,,,,,,,,,,,,,,,,,,,,,,,,,,,,,,,
522-1,9219_POST,,,,,,,,,,,,,,,,,,,,,,,,,,,,,,,,,,,,,,,,
522-2,9219_POST,,,,,,,,,,,,,,,,,,,,,,,,,,,,,,,,,,,,,,,,
522-3,9219_POST,,,,,,,,,,,,,,,,,,,,,,,,,,,,,,,,,,,,,,,,
522-4,9219_POST,,,,,,,,,,,,,,,,,,,,,,,,,,,,,,,,,,,,,,,,
522-5,9219_POST,,,,,,,,,,,,,,,,,,,,,,,,,,,,,,,,,,,,,,,,
523-0,9219_POST,,,,,,,,,,,,,,,,,,,,,,,,,,,,,,,,,,,,,,,,
523-1,9219_POST,,,,,,,,,,,,,,,,,,,,,,,,,,,,,,,,,,,,,,,,
523-2,9219_POST,,,,,,,,,,,,,,,,,,,,,,,,,,,,,,,,,,1,,,,,,
523-3,9219_POST,,,,,,,,,,,,,,,,,,,,,,,,,,,,,,,,,,,,,,,,
523-4,9219_POST,,,,,,,,,,,,,,,,,,,,,,,,,,,,,,,,,,,,,,,,
523-5,9219_POST,1,,,,,,,,,,,,,,,,,,,,,,,,,,,,,,,,,1,,,,,,
524-0,9219_POST,,,,,,,,,,,,,,,,,,,1,,,,,,,,,,,,,,,,,,,,,
524-1,9219_POST,,,,,,,,,,,,,,,,,,1,,,,,,,,,,,,,,,,,,,,,,
524-2,9219_POST,,,,,,,,,,,,,,,,,,,1,,,,,,,,,,,,,,,,,,,,,
524-3,9219_POST,,,,,,,,,,,,,,,1,,,,,,,,,,,,,,,,,,,,,,,,,
524-4,9219_POST,,,,,,,,,,,,,,,,,,,,,,,,,,,,,,,,,,1,,,,,,
524-5,9219_POST,1,,,,,,,,,,,,,,,,,1,,,,,,,,,,,,,,,,1,1,,,,,
509-0,15106_PRE,,,,,,,,,,,,,,,,,,1,,,1,1,,,,1,,,,,,,,,,,,,,
509-1,15106_PRE,,,,,,,,,,,,,,,,,,1,,,1,1,,,,,,,,,,,,,,,,,,
509-2,15106_PRE,,,,,,,,,,,,,,,,,,1,,,1,1,,,,,,,,,,,,,,,,,,
509-3,15106_PRE,,,,,,,,,,,,,,,,,,,,,1,1,,,,,,,,,,,,,,,,,,
509-4,15106_PRE,,,,,,,,,,,,,,,,,,1,,,1,1,,,,,,,,,,,,,,,,,,
509-5,15106_PRE,,,,,,,,,,,,,,,,,,,1,,1,,1,,,1,,,,,1,,,,,,,,,
510-0,15106_PRE,,,,,,,,,,,,,,,,,,1,,,1,1,,,,,,,,,,,,,,,,,,
510-1,15106_PRE,,,,,,,,,,,,,,,,,,,,,,1,,,,,,,,,,,,,,,,,,
510-2,15106_PRE,,,,,,,,,,,,,,,,,,,,,1,1,,,,,,,,,,,,,,,,,,
510-3,15106_PRE,,,,,,,,,,,,,,,,,,,,,1,1,,,,,,,,,,,,,,,,,,
510-4,15106_PRE,,,,,,,,1,,,,,,,,,,,,,1,1,,,,,,,,,,,,,,,,,,
510-5,15106_PRE,,,,,,,,,,,,,,,,,,1,,,1,1,,,,,,1,,,1,,,1,,,,,,
511-0,15106_PRE,,,,,,,,,,,,,,,,,,,,,1,,,,,,,,,,,,,,,,,,,
511-1,15106_PRE,,,,,,,,,,,,,,,,,,,,,1,1,,,,,,,,,,,,,,,,,,
511-2,15106_PRE,,,,,,,,,,,,,,,,,,,,,1,1,,,,1,,,,,,,,,,,,,,
511-3,15106_PRE,,,,,,,,,,,,,,,,,,1,,,1,1,,,,,,,,,,,,,,,,,,
511-4,15106_PRE,,,,,,,,,,,,,,,,,,1,,,1,1,,,,,,,,,,,,,,,,,,
511-5,15106_PRE,,,,,,,,,,,,,,,,,,1,,,1,1,,,,,,,,,1,,,1,,,,,,
512-0,15106_PRE,,,,,,,,,,,,,,,,,,,,,1,1,,,,,,,,,,,,,,,,,,
512-1,15106_PRE,,,,,,,,,,,,,,,,,,,,,1,1,,,,,,,,,,,,,,,,,,
512-2,15106_PRE,,,,,,,,,,,,,,,,,,,,,,1,,,,,,,,,,,,,,,,,,
512-3,15106_PRE,,,,,,,,,,,,,,,,,,,,,1,1,,,,,,,,,,,,,,,,,,
512-4,15106_PRE,,,,,,,,,,,,,,,,,,,,,1,1,,,,,,,,,,,,,,,,,,
512-5,15106_PRE,,,,,,,,,,,,,,,,,,,,,1,1,,,,,,,,,,,,,,,,,,
513-0,15106_PRE,,,,,,,,,,,,,,,,,,,,,1,1,,,,,,,,,,,,,,,,,,
513-1,15106_PRE,,,,,,,,,,,,,,,,,,,,,,1,,,,,,,,,,,,,,,,,,
513-2,15106_PRE,,,,,,,,,,,,,,,,,,,,,1,1,,,,,,,,,,,,,,,,,,
513-3,15106_PRE,,,,,,,,,,,,,,,,,,,,,,1,,,,,,,,,,,,,,,,,,
513-4,15106_PRE,,,,,,,,,,,,,,,,,,,,,1,1,,,,,,,,,,,,,,,,,,
513-5,15106_PRE,,,,,,,,,,,,,,,,,,,,,1,1,,,,1,,,,,,,,,,,,,,
514-0,15106_PRE,,,,,,,,,,,,,,,,,,,,,,1,,,,,,,,,,,,1,,,,,,
514-1,15106_PRE,,,,,,,,,,,,,,,,,,,,,1,1,,,,,,,,,,,,,,,,,,
514-2,15106_PRE,,,,,,,,,,,,,,,,,,,,,,1,,,,1,,,,,,,,,,,,,,
514-3,15106_PRE,,,,,,,,,,,,,,,,,,,,,,1,,,,,,,,,,,,,,,,,,
514-4,15106_PRE,,,,,,,,,,,,,,,,,,1,,,,1,,,,1,,,,,,,,,,,,,,
514-5,15106_PRE,,,,,,,,,,,,,,,,,,,,,1,1,,,,,,,,,,,,,,,,,,
515-0,15106_PRE,,,,,,,,,,,,,,,,,,,,,1,1,,,,,,,,,,,,,,,,,,
515-1,15106_PRE,,,,,,,,,,,1,,,,,,,,,,1,1,,,,,,,,,,,,,,,,,,
515-2,15106_PRE,,,,,,,,,,,,,,,,,,,,,1,1,,,,,,1,,,,,,,,,,,,
515-3,15106_PRE,,,,,,,,,,,,,,,,,,,,,1,1,,,,,,1,,,,,,,,,,,,
515-4,15106_PRE,,,,,,,,,,,,,,,,,,1,,,1,1,,,,,,,,,,,,1,,,,,,
515-5,15106_PRE,,,,,,,,,,,,,,,,,,1,,,1,1,,,,,,,,,1,,,1,,,,,,
516-0,15106_EVENT,,,,,,,,,,,,,,,,,,,,,1,1,,,,1,,,,,,,,,,,,,,
516-1,15106_EVENT,,,,,,,,,,,,,,,,,,,,,1,1,,,,,,,,,,,,,,,,,,
516-2,15106_EVENT,,,,,,,,,,,,,,,,,,,,,1,1,,,,1,,,,,,,,,,,,,,
516-3,15106_EVENT,,,,,,,,,,,,,,,,,,,,,1,1,,,,,,,,,,,,,,,,,,
516-4,15106_EVENT,,,,,,,,1,,,,,,,,,,,,,1,1,,,,1,,,,,,,,,,,,,,
516-5,15106_EVENT,,,,,,,,,,,,,,,,,,,,,1,1,,,,,,,,,,,,,,,,,,
517-0,15106_EVENT,,1,,,,,,,,,,,,,,,,,,,1,,,,,,,,,,,,,,,,,,,
517-1,15106_EVENT,,,,,,,,,,,,,,,,,,,,,1,1,1,,,1,,,,,,,,,,,,,,
517-2,15106_EVENT,,,,,,,,,,,,,,,,,,,,,1,,,,,,,,,,,,,,,,,,,
517-3,15106_EVENT,,,,,,,,,,,,,,,,,,,,,1,,,,,,,,,,,,,,,,,,,
517-4,15106_EVENT,,,,,,,,,,,,,,,,,,,,,1,,,,,,,,,,,,,1,,,,,,
517-5,15106_EVENT,,,,,,,,,,,,,,,,,,,,,1,1,,,,,,,,,1,,,1,,,,,,
518-0,15106_POST,,,,,,,,,,,,,,,,,,,,,,1,,,,,,,,,,,,,,,,,,
518-1,15106_POST,,,,,,,,,,,,,,,,,,,,,1,1,,,,,,,,,,,,,,,,,,
518-2,15106_POST,,,,,,,,,,,,,,,,,,,,,1,1,,,,,,,,,,,,,,,,,,
518-3,15106_POST,,,,,,,,,,,,,,,,,,,,,1,1,,,,,,,,,,,,,,,,,,
518-4,15106_POST,,,,,,,,,,,,,,,,,,,,,1,1,,,,,,,,,,,,,,,,,,
518-5,15106_POST,,,,,,,,,,,,,,,,,,,,,1,1,,,,,,,,,1,,,,,,,,,
519-0,15106_POST,,,,,,,,,,,,,,,,,,,,,1,1,,,,,,,,,,,,,,,,,,
519-1,15106_POST,,,,,,,,,,,,,,,,,,,,,,1,,,,,,,,,,,,,,,,,,
519-2,15106_POST,,,,,,,,,,,,,,,,,,,,,1,1,,,,,,,,,,,,,,,,,,
519-3,15106_POST,,,,,,,,,,,,,,,,,,,,,1,1,,,,,,,,,,,,,,,,,,
519-4,15106_POST,,,,,,,,,,,,,,,,,,,,,1,1,,,,,,,,,,,,,,,,,,
519-5,15106_POST,,,,,,,,,,,,,,,,,,,,,1,1,,,,,,,,,,,,,,,,,,
520-0,15106_POST,,,,,,,,,,,,,,,,,,,,,,1,,,,,,,,,,,,,,,,,,
520-1,15106_POST,,,,,,,,,,,,,,,,,,,,,,1,,,,,,,,,,,,,,,,,,
520-2,15106_POST,,,,,,,,,,,,,,,,,,,,,,1,,,,,,,,,,,,,,,,,,
520-3,15106_POST,,,,,,,,,,,,,,,,,,,,,,1,,,,,,,,,,,,,,,,,,
520-4,15106_POST,,,,,,,,,,,,,,,,,,,,,,,,,,,,,,,,,,,,,,,,
520-5,15106_POST,,,,,,,,,,,,,,,,,,,,,1,1,,,,,,,,,,1,,,,,,,,
521-0,15106_POST,,,,,,,,,,,,,,,,,,,,,,1,,,,,,,,,,,,,,,,,,
521-1,15106_POST,,,,,,,,,,,,,,,,,,,,,,1,,,,,,,,,,,,,,,,,,
521-2,15106_POST,,,,,,,,,,,,,,,,,,,,,,1,,,,1,,,,,,,,,,,,,,
521-3,15106_POST,,,,,,,,,,,,,,,,,,,,,1,1,,,,,,,,,,,,,,,,,,
521-4,15106_POST,,,,,,,,,,,,,,,,,,,,,1,1,,,,,,,,,,,,,,,,,,
521-5,15106_POST,,,,,,,,,,,,,,,,,,,,,1,1,,,,,,,,,,,,1,,,,,,
522-0,15106_POST,,,,,,,,,,,,,,,,,,,,,,1,,,,,,,,,,,,,,,,,,
522-1,15106_POST,,,,,,,,,,,,,,,,,,1,,,1,1,,,,1,,,,,,,,,,,,,,
522-2,15106_POST,,,,,,,,,,,,,,,,,,,,,1,1,,,,1,,,,,,,,,,,,,,
522-3,15106_POST,,,,,,,,,,,,,,,,,,,,,1,1,,,,,,,,,,,,,,,,,,
522-4,15106_POST,,,,,,,,,,,,,,,,,,,,,1,1,,,,,,,,,,,,,,,,,,
522-5,15106_POST,,,,,,,,,,,,,,,,,,,,,1,1,,,,1,,,,,,,,,,,,,,
523-0,15106_POST,,,,,,,,,,,,,,,,,,,,,,1,,,,,,,,,,,,,,,,,,
523-1,15106_POST,,,,,,,,,,,,,,,,,,1,,,,1,,,,,,,,,,,,,,,,,,
523-2,15106_POST,,,,,,,,,,,,,,,,,,,,,,1,,,,,,,,,,,,,,,,,,
523-3,15106_POST,,,,,,,,,,,,,,,,,,,,,,1,,,,,,,,,,,,,,,,,,
523-4,15106_POST,,,,,,,,,,,,,,,,,,1,,,1,1,,,,,,,,,,,,,,,,,,
523-5,15106_POST,,,,,,,,,,,,,,,,,,,,,1,1,,,,,,,,,,,,,,,,,,
524-0,15106_POST,,,,,,,,,,,,,,,,,,,,,1,1,,,,,,,,,,,,,,,,,,
524-1,15106_POST,,,,,,,,,,,,,,,,,,,,,,1,,,,1,,,,,,,,,,,,,,
524-2,15106_POST,,,,,,,,,,,,,,,,,,,,,,1,,,,,,,,,,,,,,,,,,
524-3,15106_POST,,,,,,,,,,,,,,,,,,1,,,,1,,,,,,,,,,,,,,,,,,
524-4,15106_POST,,,,,,,,,,,,,,,,,,,,,,1,,,,,,,,,,,,,,,,,,
524-5,15106_POST,,,,,,,,,,,,,1,,,,,,,,1,1,,,,,,,,,1,,,1,,,,,,
509-0,15116_PRE,,,,,,,,,,,,,,,,,,,,,1,1,,,,1,,,,,,,,,,,,,,
509-1,15116_PRE,,,,,,,,,,,,,,,,,,,,,1,1,,,,,,,,,,,,,,,,,,
509-2,15116_PRE,,,,,,,,,,,,,,,,,,,,,1,1,,,,,,,,,,,,,,,,,,
509-3,15116_PRE,,,,,,,,,,,,,,,,,,,,,1,1,,,,,,,,,1,,,,,,,,,
509-4,15116_PRE,,,,,,,,,,,,,,,,,,1,,,1,1,,,,,,,,,,,,,,,,,,
509-5,15116_PRE,,,,,,,,,,,,,,,,,,,,,1,1,,,,,,,,,1,,,,,,,,,
510-0,15116_PRE,,,,,,,,,,,,,,,,,,1,,,1,1,,,,,,,,,,,,,,,,,,
510-1,15116_PRE,,,,,,,,,,,,,,,,,,,,,1,1,,,,,,,,,,,,,,,,,,
510-2,15116_PRE,,,,,,,,,,,,,,,,,,,,,1,1,,,,,,,,,,,,,,,,,,
510-3,15116_PRE,,,,,,,,,,,,,,,,,,,,,1,1,,,,,,,,,,,,,,,,,,
510-4,15116_PRE,,,,,,,,1,,,,,,,,,,,,,1,1,,,,,,,,,,,,,,,,,,
510-5,15116_PRE,,,,,,,,,,,,,,,,,,1,,,,1,,,,,,,,,1,,,,,,,,,
511-0,15116_PRE,,,,,,,,,,,,,,,,,,,,,1,,,,,,,,,,,,,,,,,,,
511-1,15116_PRE,,,,,,,,,,,,,,,,,,,,,1,1,,,,,,,,,,,,,,,,,,
511-2,15116_PRE,,,,,,,,,,,,,,,,,,,,,1,1,,,,,,,,,,,,,,,,,,
511-3,15116_PRE,,,,,,,,,,,,,,,,,,,,,1,1,,,,,,,,,,,,,,,,,,
511-4,15116_PRE,,,,,,,,,,,,,,,,,,,,,1,1,,,,,,,,,,,,,,,,,,
511-5,15116_PRE,,,,,,,,,,,,,,,,,,,,,,1,,,,,,,,,1,,,,,,,,,
512-0,15116_PRE,,,,,,,,,,,,,,,,,,,,,1,1,,,,,,,,,,,,,,,,,,
512-1,15116_PRE,,,,,,,,,,,,,,,,,,,,,,1,,,,,,,,,,,,,,,,,,
512-2,15116_PRE,,,,,,,,,,,,,,,,,,,,,1,1,,,,,,,,,,,,,,,,,,
512-3,15116_PRE,,,,,,,,,,,,,,,,,,,,,1,1,,,,,,,,,,,,,,,,,,
512-4,15116_PRE,,,,,,,,,,,,,,,,,,,,,1,1,,,,,,,,,,,,,,,,,,
512-5,15116_PRE,,,,,,,,,,,,,,,,,,,,,1,,,,,,,,,,,,,,,,,,,
513-0,15116_PRE,,,,,,,,,,,,,,,,,,,,,1,1,,,,,,,,,,,,,,,,,,
513-1,15116_PRE,,,,,,,,,,,,,,,,,,,,,1,1,,,,,,,,,,,,,,,,,,
513-2,15116_PRE,,,,,,,,1,,,,,,,,,,,,,1,1,,,,,,,,,,,,,,,,,,
513-3,15116_PRE,,,,,,,,,,,,,,,,,,,,,1,1,,,,,,,,,,,,,,,,,,
513-4,15116_PRE,,,,,,,,,,,,,,,,,,,,,1,1,,,,,,,,,,,,,,,,,,
513-5,15116_PRE,1,,,,,,,,,,,,,,,,,,,,1,,,,,,,,,,,,,,,,,,,
514-0,15116_PRE,,,,,,,,,,,,,,,,,,,,,1,1,,,,,,,,,,,,,,,,,,
514-1,15116_PRE,,,,,,,,,,,,,,,,,,,,,,1,,,,,,,,,,,,,,,,,,
514-2,15116_PRE,,,,,,,,,,,,,,,,,,,,,,1,,,,,,,,,,,,,,,,,,
514-3,15116_PRE,,,,,,,,,,,,,,,,,,,,,,1,,,,,,,,,,,,,,,,,,
514-4,15116_PRE,,,,,,,,,,,,,,,,,,,,,,1,,,,,,,,,,,,,,,,,,
514-5,15116_PRE,,,,,,,,,,,,,,,,,,,,,1,,,,,,,,,,,,,1,,,,,,
515-0,15116_PRE,,,,,,,,,,,,,,,,,,1,,,,1,,,,,,,,,,,,,,,,,,
515-1,15116_PRE,,,,,,,,,,,1,,,,,,,,,,1,1,,,,,,,,,,,,,,,,,,
515-2,15116_PRE,,,,,,,,,,,,,,,,,,,,,1,1,,,,,,,,,,,,,,,,,,
515-3,15116_PRE,,,,,,,,,,,,,,,,,,,,,1,1,,,,,,,,,1,,,,,,,,,
515-4,15116_PRE,,,,,,,,,,,,,,,,,,,,,1,1,,,,,,,,,,,,,,,,,,
515-5,15116_PRE,,,,,,,,,,,,,,,,,,,,,1,1,,,,,,,,,1,,,,,,,,,
516-0,15116_EVENT,,,,,,,,,,,,,,,,,,,,,1,1,,,,,,,,,,,,,,,,,,
516-1,15116_EVENT,,,,,,,,,,,,,,,,,,,,,1,1,,,,,,,,,,,,,,,,,,
516-2,15116_EVENT,,,,,,,,,,,,,,,,,,,,,1,1,,,,,,,,,,,,,,,,,,
516-3,15116_EVENT,,,,,,,,,,,,,,,,,,,,,1,1,,,,,,,,,,,,,,,,,,
516-4,15116_EVENT,,,,,,,,,,,,,,,,,,,,,1,1,,,,,,,,,,,,,,,,,,
516-5,15116_EVENT,,,,,,,,,,,,,,,,,,,,,1,1,,,,,,,,,1,,,,,,,,,
517-0,15116_EVENT,,,,,,,,,,,1,,,,,,,,,,1,1,,,,,,,,,,,,,,,,,,
517-1,15116_EVENT,,,,,,,,,,,,,,,,,,,,,1,1,,,,,,,,,,,,,,,,,,
517-2,15116_EVENT,,,,,,,,,,,,,,,,,,,,,1,1,,,,,,,,,,,,,,,,,,
517-3,15116_EVENT,,,,,,,,,,,,,,,,,,,,,1,1,,,,,,,,,,,,,,,,,,
517-4,15116_EVENT,,,,,,,,,,,,,,,,,,,,,1,1,,,,,,,,,,,,,,,,,,
517-5,15116_EVENT,,,,,,,,,,,,,,,,,,,,,1,1,,,,,,,,,1,,,,,,,,,
518-0,15116_POST,,,,,,,,,,,,,,,,,,,,,1,1,,,,,,,,,,,,,,,,,,
518-1,15116_POST,,,,,,,,,,,,,,,,,,,,,1,1,,,,,,,,,,,,,,,,,,
518-2,15116_POST,,,,,,,,,,,,,,,,,,,,,1,1,,,,,,,,,,,,,,,,,,
518-3,15116_POST,,,,,,,,,,,,,,,,,,,,,,1,,,,,,,,,,,,,,,,,,
518-4,15116_POST,,,,,,,,,,,,,,,,,,,,,1,1,,,,,,,,,,,,,,,,,,
518-5,15116_POST,,,,,,,,,,,,,,,,,,,,,1,1,,,,,,,,,1,,,,,,,,,
519-0,15116_POST,,,,,,,,,,,,,,,,,,,,,,1,,,,,,,,,,,,,,,,,,
519-1,15116_POST,,,,,,,,,,,,,,,,,,,,,,1,,,,,,,,,,,,,,,,,,
519-2,15116_POST,,,,,,,,,,,,,,,,,,,,,1,1,,,,,,,,,,,,,,,,,,
519-3,15116_POST,,,,,,,,,,,,,,,,,,,,,1,1,,,,,,,,,,,,,,,,,,
519-4,15116_POST,,,,,,,,,,,,,,,,,,,,,1,1,,,,,,,,,,,,,,,,,,
519-5,15116_POST,,,,,,,,,,,,,,,,,,,,,1,1,,,,,,,,,,,,,,,,,,
520-0,15116_POST,,,,,,,,,,,,,,,,,,,,,1,1,,,,,,,,,,,,,,,,,,
520-1,15116_POST,,,,,,,,,,,,,,,,,,,,,1,1,,,,,,,,,,,,,,,,,,
520-2,15116_POST,,,,,,,,,,,,,,,,,,,,,,1,,,,,,,,,,,,,,,,,,
520-3,15116_POST,,,,,,,,,,,,,,,,,,,,,,1,,,,,,,,,,,,,,,,,,
520-4,15116_POST,,,,,,,,,,,,,,,,,,,,,1,1,,,,,,,,,,,,,,,,,,
520-5,15116_POST,,,,,,,,,,,,,,,,,,,,,1,,,,,,,,,,,,,,,,,,,
521-0,15116_POST,,,,,,,,,,,,,,,,,,,1,,1,1,,,,,,,,,,,,,,,,,,
521-1,15116_POST,,,,,,,,,,,,,,,,,,,,,1,1,,,,,,,,,,,,,,,,,,
521-2,15116_POST,,,,,,,,,,,,,,,,,,,,,1,1,,,,,,,,,,,,,,,,,,
521-3,15116_POST,,,,,,,,,,,,,,,,,,,,,1,1,,,,,,,,,,,,,,,,,,
521-4,15116_POST,,,,,,,,,,,,,,,,,,,,,1,1,,,,,,,,,,,,,,,,,,
521-5,15116_POST,,,,,,,,,,,,,,,,,,,,,1,1,,,,,,,,,,,,1,,,,,,
522-0,15116_POST,,,,,,,,,,,,,,,,,,,,,,1,,,,,,,,,,,,,,,,,,
522-1,15116_POST,,,,,,,,,,,,,,,,,,,,,,1,,,,,,,,,,,,,,,,,,
522-2,15116_POST,,,,,,,,,,,,,,,,,,,,,,1,,,,,,,,,,,,,,,,,,
522-3,15116_POST,,,,,,,,,,,,,,,,,,,,,1,1,,,,,,,,,,,,,,,,,,
522-4,15116_POST,,,,,,,,,,,,,,,,,,,,,1,1,,,,,,,,,,,,,,,,,,
522-5,15116_POST,,,,,,,,,,,,,,,,,,,,,,1,,,,,,,,,,,,,,,,,,
523-0,15116_POST,,,,,,,,,,,,,,,,,,,,,,1,,,,,,,,,,,,,,,,,,
523-1,15116_POST,,,,,,,,,,,,,,,,,,,,,,1,,,,,,,,,,,,,,,,,,
523-2,15116_POST,,,,,,,,,,,,,,,,,,,,,1,1,,,,,,,,,,,,,,,,,,
523-3,15116_POST,,,,,,,,,,,,,,,,,,,,,1,1,,,,,,,,,,,,,,,,,,
523-4,15116_POST,,,,,,,,,,,,,,,,,,,,,1,1,,,,,,,,,,,,,,,,,,
523-5,15116_POST,,,,,,,,,,,,,,,,,,,,,1,1,,,,,,,,,,1,,1,,,,,,
524-0,15116_POST,,,,,,,,,,,,,,,,,,,,,,1,,,,,,,,,,,,,,,,,,
524-1,15116_POST,,,,,,,,,,,,,,,,,,,,,1,1,,,,1,,,,,,,,,,,,,,
524-2,15116_POST,,,,,,,,,,,,,,,,,,,,,,1,,,,,,,,,,,,,,,,,,
524-3,15116_POST,,,,,,,,,,,,,,,,,,,,,1,1,,,,,,,,,,,,,,,,,,
524-4,15116_POST,,,,,,,,,,,,,,,,,,,1,,1,1,,,,,,,,,,,,,,,,,,
524-5,15116_POST,,,,,,,,,,,,,1,,,,,,1,,1,1,,,,,,,,,,,,,,,,,,